{
    "bertscore": {
        "precision": 0.8609903892513588,
        "recall": 0.883806562846848,
        "f1": 0.8719997111995188,
        "hashcode": "roberta-large_L17_no-idf_version=0.3.12(hug_trans=4.39.2)"
    },
    "rouge": {
        "rouge1": 0.28127826431689734,
        "rouge2": 0.16833088573138294,
        "rougeL": 0.25625559133708053,
        "rougeLsum": 0.25868997533426147
    },
    "chrf": {
        "score": 39.642851744942874,
        "char_order": 6,
        "word_order": 0,
        "beta": 2
    },
    "meteor": {
        "meteor": 0.3407728811164204
    }
}