{
    "bertscore": {
        "precision": 0.7867381800348694,
        "recall": 0.8237259385795207,
        "f1": 0.8042047625699559,
        "hashcode": "roberta-large_L17_no-idf_version=0.3.12(hug_trans=4.39.2)"
    },
    "rouge": {
        "rouge1": 0.04412200113131391,
        "rouge2": 0.01612409558642196,
        "rougeL": 0.042929748001325804,
        "rougeLsum": 0.04296115159086259
    },
    "chrf": {
        "score": 12.188714431316226,
        "char_order": 6,
        "word_order": 0,
        "beta": 2
    },
    "meteor": {
        "meteor": 0.08924407122216999
    }
}