{
    "bertscore": {
        "precision": 0.8563176262918564,
        "recall": 0.8793878685888199,
        "f1": 0.8674724055328743,
        "hashcode": "roberta-large_L17_no-idf_version=0.3.12(hug_trans=4.39.2)"
    },
    "rouge": {
        "rouge1": 0.25950572541511574,
        "rouge2": 0.15312821616662792,
        "rougeL": 0.24365138518502744,
        "rougeLsum": 0.24334162093397005
    },
    "chrf": {
        "score": 37.898725946815674,
        "char_order": 6,
        "word_order": 0,
        "beta": 2
    },
    "meteor": {
        "meteor": 0.34257375710172705
    }
}