{
    "bertscore": {
        "precision": 0.7805764911707634,
        "recall": 0.8354625605152396,
        "f1": 0.8063780569209189,
        "hashcode": "roberta-large_L17_no-idf_version=0.3.12(hug_trans=4.39.2)"
    },
    "rouge": {
        "rouge1": 0.04916672253071579,
        "rouge2": 0.019773842138153426,
        "rougeL": 0.04804791212480808,
        "rougeLsum": 0.04803159198968171
    },
    "chrf": {
        "score": 12.904025843099296,
        "char_order": 6,
        "word_order": 0,
        "beta": 2
    },
    "meteor": {
        "meteor": 0.1033207928334785
    }
}