{
    "bertscore": {
        "precision": 0.785227069886955,
        "recall": 0.8220110754386799,
        "f1": 0.8025897875589293,
        "hashcode": "roberta-large_L17_no-idf_version=0.3.12(hug_trans=4.39.2)"
    },
    "rouge": {
        "rouge1": 0.04251081874554151,
        "rouge2": 0.014912737456138709,
        "rougeL": 0.04132552827104162,
        "rougeLsum": 0.041333363182771976
    },
    "chrf": {
        "score": 12.03131737648439,
        "char_order": 6,
        "word_order": 0,
        "beta": 2
    },
    "meteor": {
        "meteor": 0.086557144426755
    }
}