{
    "bertscore": {
        "precision": 0.7798560925869423,
        "recall": 0.8338215699154006,
        "f1": 0.8052276583558237,
        "hashcode": "roberta-large_L17_no-idf_version=0.3.12(hug_trans=4.39.2)"
    },
    "rouge": {
        "rouge1": 0.04897112335240093,
        "rouge2": 0.01961736751790856,
        "rougeL": 0.04798268397136215,
        "rougeLsum": 0.04797055820708974
    },
    "chrf": {
        "score": 12.88144797765473,
        "char_order": 6,
        "word_order": 0,
        "beta": 2
    },
    "meteor": {
        "meteor": 0.10243720507527948
    }
}