{
    "bertscore": {
        "precision": 0.8593303321916588,
        "recall": 0.8807267263586401,
        "f1": 0.8696579467710404,
        "hashcode": "roberta-large_L17_no-idf_version=0.3.12(hug_trans=4.39.2)"
    },
    "rouge": {
        "rouge1": 0.294156659595323,
        "rouge2": 0.17433894524326582,
        "rougeL": 0.2676060873041075,
        "rougeLsum": 0.27194114854477897
    },
    "chrf": {
        "score": 38.70223018957751,
        "char_order": 6,
        "word_order": 0,
        "beta": 2
    },
    "meteor": {
        "meteor": 0.3423532959485433
    }
}