{
    "bertscore": {
        "precision": 0.46556673347585203,
        "recall": 0.4592682125372869,
        "f1": 0.462229730230796,
        "hashcode": "roberta-large_L17_no-idf_version=0.3.12(hug_trans=4.39.2)"
    },
    "rouge": {
        "rouge1": 0.18810301828810394,
        "rouge2": 0.12008921855845019,
        "rougeL": 0.1760760478713867,
        "rougeLsum": 0.17574622710305365
    },
    "chrf": {
        "score": 22.271522961499947,
        "char_order": 6,
        "word_order": 0,
        "beta": 2
    },
    "meteor": {
        "meteor": 0.1798850285885537
    }
}