{
    "bertscore": {
        "precision": 0.8021563529968262,
        "recall": 0.8247180342674255,
        "f1": 0.8118678212165833,
        "hashcode": "roberta-large_L17_no-idf_version=0.3.12(hug_trans=4.39.2)"
    },
    "rouge": {
        "rouge1": 0.08333333333333334,
        "rouge2": 0.0,
        "rougeL": 0.08333333333333334,
        "rougeLsum": 0.08333333333333334
    },
    "chrf": {
        "score": 8.74048097222562,
        "char_order": 6,
        "word_order": 0,
        "beta": 2
    },
    "meteor": {
        "meteor": 0.0717948717948718
    }
}