{
    "bertscore": {
        "precision": 0.7943937562028754,
        "recall": 0.8271515116749544,
        "f1": 0.8097277926239591,
        "hashcode": "roberta-large_L17_no-idf_version=0.3.12(hug_trans=4.39.2)"
    },
    "rouge": {
        "rouge1": 0.07141043538007569,
        "rouge2": 0.029344513012291372,
        "rougeL": 0.06980200966690778,
        "rougeLsum": 0.06973285301280856
    },
    "chrf": {
        "score": 15.357980669323121,
        "char_order": 6,
        "word_order": 0,
        "beta": 2
    },
    "meteor": {
        "meteor": 0.11295445167174746
    }
}