{
    "bertscore": {
        "precision": 0.828590327118958,
        "recall": 0.850255405419908,
        "f1": 0.8381941443838677,
        "hashcode": "roberta-large_L17_no-idf_version=0.3.12(hug_trans=4.39.2)"
    },
    "rouge": {
        "rouge1": 0.16958220434560017,
        "rouge2": 0.08814322948138026,
        "rougeL": 0.16834193266443814,
        "rougeLsum": 0.1680837602528834
    },
    "chrf": {
        "score": 20.816450911202114,
        "char_order": 6,
        "word_order": 0,
        "beta": 2
    },
    "meteor": {
        "meteor": 0.1536341942554578
    }
}