{
    "bertscore": {
        "precision": 0.8147828161716462,
        "recall": 0.8338144958019257,
        "f1": 0.8228303849697113,
        "hashcode": "roberta-large_L17_no-idf_version=0.3.12(hug_trans=4.39.2)"
    },
    "rouge": {
        "rouge1": 0.10857142857142858,
        "rouge2": 0.03333333333333333,
        "rougeL": 0.11857142857142858,
        "rougeLsum": 0.11857142857142858
    },
    "chrf": {
        "score": 12.117149134683562,
        "char_order": 6,
        "word_order": 0,
        "beta": 2
    },
    "meteor": {
        "meteor": 0.11773056923918993
    }
}