{
    "bertscore": {
        "precision": 0.8069912552833557,
        "recall": 0.8212188363075257,
        "f1": 0.8125199317932129,
        "hashcode": "roberta-large_L17_no-idf_version=0.3.12(hug_trans=4.39.2)"
    },
    "rouge": {
        "rouge1": 0.07333333333333333,
        "rouge2": 0.0,
        "rougeL": 0.07333333333333333,
        "rougeLsum": 0.07333333333333333
    },
    "chrf": {
        "score": 8.188203047018208,
        "char_order": 6,
        "word_order": 0,
        "beta": 2
    },
    "meteor": {
        "meteor": 0.07724434035909447
    }
}