{
    "bertscore": {
        "precision": 0.7874870232840312,
        "recall": 0.8250601027480338,
        "f1": 0.8051209224872216,
        "hashcode": "roberta-large_L17_no-idf_version=0.3.12(hug_trans=4.39.2)"
    },
    "rouge": {
        "rouge1": 0.06910821135040443,
        "rouge2": 0.029937803092241318,
        "rougeL": 0.06787850800978584,
        "rougeLsum": 0.06779494433053074
    },
    "chrf": {
        "score": 14.835684427902429,
        "char_order": 6,
        "word_order": 0,
        "beta": 2
    },
    "meteor": {
        "meteor": 0.11173634596860466
    }
}