{
    "bertscore": {
        "precision": 0.7959471483394795,
        "recall": 0.8237865633130637,
        "f1": 0.8089905157594726,
        "hashcode": "roberta-large_L17_no-idf_version=0.3.12(hug_trans=4.39.2)"
    },
    "rouge": {
        "rouge1": 0.05387893377246053,
        "rouge2": 0.018781392859776883,
        "rougeL": 0.05257769334571234,
        "rougeLsum": 0.05259245867919829
    },
    "chrf": {
        "score": 13.799450026527884,
        "char_order": 6,
        "word_order": 0,
        "beta": 2
    },
    "meteor": {
        "meteor": 0.09708420936232205
    }
}