{
    "bertscore": {
        "precision": 0.8872635268960763,
        "recall": 0.8846312885331116,
        "f1": 0.8857303955563717,
        "hashcode": "roberta-large_L17_no-idf_version=0.3.12(hug_trans=4.39.2)"
    },
    "rouge": {
        "rouge1": 0.37376873402985794,
        "rouge2": 0.24395708783523326,
        "rougeL": 0.35500022485096583,
        "rougeLsum": 0.354867607722625
    },
    "chrf": {
        "score": 42.34115795657561,
        "char_order": 6,
        "word_order": 0,
        "beta": 2
    },
    "meteor": {
        "meteor": 0.3863931283277436
    }
}