{
    "bertscore": {
        "precision": 0.8452895483481249,
        "recall": 0.8588959234618883,
        "f1": 0.8510118258232848,
        "hashcode": "roberta-large_L17_no-idf_version=0.3.12(hug_trans=4.39.2)"
    },
    "rouge": {
        "rouge1": 0.19400124115838535,
        "rouge2": 0.10022350965888156,
        "rougeL": 0.19271853121890936,
        "rougeLsum": 0.19239390515120253
    },
    "chrf": {
        "score": 23.34429102363354,
        "char_order": 6,
        "word_order": 0,
        "beta": 2
    },
    "meteor": {
        "meteor": 0.16753427183329206
    }
}