{
    "bertscore": {
        "precision": 0.7959626591503419,
        "recall": 0.8319211650023502,
        "f1": 0.8128825090850712,
        "hashcode": "roberta-large_L17_no-idf_version=0.3.12(hug_trans=4.39.2)"
    },
    "rouge": {
        "rouge1": 0.07632493029384702,
        "rouge2": 0.03125474516264466,
        "rougeL": 0.07494116703631559,
        "rougeLsum": 0.07481173539104835
    },
    "chrf": {
        "score": 16.246166460565146,
        "char_order": 6,
        "word_order": 0,
        "beta": 2
    },
    "meteor": {
        "meteor": 0.12915193012600995
    }
}