{
    "bertscore": {
        "precision": 0.7963391637276844,
        "recall": 0.8381049101180517,
        "f1": 0.8155122575882453,
        "hashcode": "roberta-large_L17_no-idf_version=0.3.12(hug_trans=4.39.2)"
    },
    "rouge": {
        "rouge1": 0.14248433392204324,
        "rouge2": 0.08362660071274935,
        "rougeL": 0.1328691178944312,
        "rougeLsum": 0.13291429121017168
    },
    "chrf": {
        "score": 17.017879409932,
        "char_order": 6,
        "word_order": 0,
        "beta": 2
    },
    "meteor": {
        "meteor": 0.13158658071016674
    }
}