{
    "bertscore": {
        "precision": 0.888545036315918,
        "recall": 0.8820227682590485,
        "f1": 0.8851026773452759,
        "hashcode": "roberta-large_L17_no-idf_version=0.3.12(hug_trans=4.39.2)"
    },
    "rouge": {
        "rouge1": 0.3958832228281944,
        "rouge2": 0.2449198917737817,
        "rougeL": 0.3585949366799479,
        "rougeLsum": 0.3550557743172561
    },
    "chrf": {
        "score": 39.528667629956274,
        "char_order": 6,
        "word_order": 0,
        "beta": 2
    },
    "meteor": {
        "meteor": 0.31445502130385544
    }
}