{
    "bertscore": {
        "precision": 0.8027576933351422,
        "recall": 0.8262482326389727,
        "f1": 0.8136893300008806,
        "hashcode": "roberta-large_L17_no-idf_version=0.3.12(hug_trans=4.39.2)"
    },
    "rouge": {
        "rouge1": 0.0630641871854202,
        "rouge2": 0.02303139129640093,
        "rougeL": 0.061666843370218,
        "rougeLsum": 0.06164899395681528
    },
    "chrf": {
        "score": 14.99598041851936,
        "char_order": 6,
        "word_order": 0,
        "beta": 2
    },
    "meteor": {
        "meteor": 0.10706454172124305
    }
}