{
    "bertscore": {
        "precision": 0.8796996546491999,
        "recall": 0.8854434941798413,
        "f1": 0.8823325080270429,
        "hashcode": "roberta-large_L17_no-idf_version=0.3.12(hug_trans=4.39.2)"
    },
    "rouge": {
        "rouge1": 0.34785637647235446,
        "rouge2": 0.2125539195465826,
        "rougeL": 0.32860687123865695,
        "rougeLsum": 0.32886634365811035
    },
    "chrf": {
        "score": 41.87147676967861,
        "char_order": 6,
        "word_order": 0,
        "beta": 2
    },
    "meteor": {
        "meteor": 0.38045594996903226
    }
}