{
    "bertscore": {
        "precision": 0.8598479500161245,
        "recall": 0.8858924303089828,
        "f1": 0.8724176890263505,
        "hashcode": "roberta-large_L17_no-idf_version=0.3.12(hug_trans=4.39.2)"
    },
    "rouge": {
        "rouge1": 0.3012663400788954,
        "rouge2": 0.1874257989173176,
        "rougeL": 0.2746217224156201,
        "rougeLsum": 0.27880392691286066
    },
    "chrf": {
        "score": 41.06565285274222,
        "char_order": 6,
        "word_order": 0,
        "beta": 2
    },
    "meteor": {
        "meteor": 0.3625744028419195
    }
}