{
    "bertscore": {
        "precision": 0.8566335402474701,
        "recall": 0.8826528039089468,
        "f1": 0.8691674430775963,
        "hashcode": "roberta-large_L17_no-idf_version=0.3.12(hug_trans=4.39.2)"
    },
    "rouge": {
        "rouge1": 0.284060766840299,
        "rouge2": 0.16469061737228607,
        "rougeL": 0.2569744648811829,
        "rougeLsum": 0.2593851405199824
    },
    "chrf": {
        "score": 39.18113106677087,
        "char_order": 6,
        "word_order": 0,
        "beta": 2
    },
    "meteor": {
        "meteor": 0.33634161470042406
    }
}