{
    "bertscore": {
        "precision": 0.7876217906898457,
        "recall": 0.8295515097209846,
        "f1": 0.8074444347905758,
        "hashcode": "roberta-large_L17_no-idf_version=0.3.12(hug_trans=4.39.2)"
    },
    "rouge": {
        "rouge1": 0.06352325082343521,
        "rouge2": 0.025757279915492745,
        "rougeL": 0.062166496197393506,
        "rougeLsum": 0.0621614154104533
    },
    "chrf": {
        "score": 14.32768063438781,
        "char_order": 6,
        "word_order": 0,
        "beta": 2
    },
    "meteor": {
        "meteor": 0.11855477498912001
    }
}