{
    "bertscore": {
        "precision": 0.7995600640773773,
        "recall": 0.828395414352417,
        "f1": 0.8124152004718781,
        "hashcode": "roberta-large_L17_no-idf_version=0.3.12(hug_trans=4.39.2)"
    },
    "rouge": {
        "rouge1": 0.12444444444444444,
        "rouge2": 0.02857142857142857,
        "rougeL": 0.12444444444444444,
        "rougeLsum": 0.12444444444444444
    },
    "chrf": {
        "score": 18.22229819838824,
        "char_order": 6,
        "word_order": 0,
        "beta": 2
    },
    "meteor": {
        "meteor": 0.14642857142857144
    }
}