{
    "bertscore": {
        "precision": 0.78357851789806,
        "recall": 0.8359632396493722,
        "f1": 0.8078056698621705,
        "hashcode": "roberta-large_L17_no-idf_version=0.3.12(hug_trans=4.39.2)"
    },
    "rouge": {
        "rouge1": 0.12405397934926463,
        "rouge2": 0.06906682605487373,
        "rougeL": 0.1140034948014887,
        "rougeLsum": 0.11425705546469778
    },
    "chrf": {
        "score": 16.31793415529917,
        "char_order": 6,
        "word_order": 0,
        "beta": 2
    },
    "meteor": {
        "meteor": 0.12181675001236451
    }
}