{
    "bertscore": {
        "precision": 0.8013770103454589,
        "recall": 0.8155618190765381,
        "f1": 0.8068206191062928,
        "hashcode": "roberta-large_L17_no-idf_version=0.3.12(hug_trans=4.39.2)"
    },
    "rouge": {
        "rouge1": 0.07333333333333333,
        "rouge2": 0.0,
        "rougeL": 0.07333333333333333,
        "rougeLsum": 0.07333333333333333
    },
    "chrf": {
        "score": 8.642592371895766,
        "char_order": 6,
        "word_order": 0,
        "beta": 2
    },
    "meteor": {
        "meteor": 0.07738095238095238
    }
}