{
    "bertscore": {
        "precision": 0.8248217403888702,
        "recall": 0.8448318660259246,
        "f1": 0.8334594905376435,
        "hashcode": "roberta-large_L17_no-idf_version=0.3.12(hug_trans=4.39.2)"
    },
    "rouge": {
        "rouge1": 0.173961901476133,
        "rouge2": 0.1185057471264368,
        "rougeL": 0.16751028857290717,
        "rougeLsum": 0.1685798072894847
    },
    "chrf": {
        "score": 21.561160325437754,
        "char_order": 6,
        "word_order": 0,
        "beta": 2
    },
    "meteor": {
        "meteor": 0.14682519490678758
    }
}