{
    "bertscore": {
        "precision": 0.38097965812157825,
        "recall": 0.3758196090980726,
        "f1": 0.37825680377287846,
        "hashcode": "roberta-large_L17_no-idf_version=0.3.12(hug_trans=4.39.2)"
    },
    "rouge": {
        "rouge1": 0.17610158974865137,
        "rouge2": 0.11855800200809982,
        "rougeL": 0.16702105131545142,
        "rougeLsum": 0.1666429164806611
    },
    "chrf": {
        "score": 20.41172641911378,
        "char_order": 6,
        "word_order": 0,
        "beta": 2
    },
    "meteor": {
        "meteor": 0.1667454316927503
    }
}