{
    "bertscore": {
        "precision": 0.8960638523101807,
        "recall": 0.8924846589565277,
        "f1": 0.8941993296146393,
        "hashcode": "roberta-large_L17_no-idf_version=0.3.12(hug_trans=4.39.2)"
    },
    "rouge": {
        "rouge1": 0.4579529504885673,
        "rouge2": 0.2980028788126945,
        "rougeL": 0.3760351619050962,
        "rougeLsum": 0.3780282587256826
    },
    "chrf": {
        "score": 41.37996824779652,
        "char_order": 6,
        "word_order": 0,
        "beta": 2
    },
    "meteor": {
        "meteor": 0.364515203417324
    }
}