{
    "bertscore": {
        "precision": 0.8947713196277618,
        "recall": 0.9062931954860687,
        "f1": 0.9003652632236481,
        "hashcode": "roberta-large_L17_no-idf_version=0.3.12(hug_trans=4.39.2)"
    },
    "rouge": {
        "rouge1": 0.4075226615066432,
        "rouge2": 0.2700295020200447,
        "rougeL": 0.3808273714589504,
        "rougeLsum": 0.3858660980514527
    },
    "chrf": {
        "score": 46.43314915330052,
        "char_order": 6,
        "word_order": 0,
        "beta": 2
    },
    "meteor": {
        "meteor": 0.42827561494032623
    }
}