{
    "bertscore": {
        "precision": 0.8960638582706452,
        "recall": 0.8924846649169922,
        "f1": 0.8941993415355682,
        "hashcode": "roberta-large_L17_no-idf_version=0.3.12(hug_trans=4.39.2)"
    },
    "rouge": {
        "rouge1": 0.45471640925202605,
        "rouge2": 0.29460924474737415,
        "rougeL": 0.37862854732597107,
        "rougeLsum": 0.37694294976940584
    },
    "chrf": {
        "score": 41.37996824779652,
        "char_order": 6,
        "word_order": 0,
        "beta": 2
    },
    "meteor": {
        "meteor": 0.364515203417324
    }
}