{
    "bertscore": {
        "precision": 0.8248217821121215,
        "recall": 0.8448318898677826,
        "f1": 0.8334595143795014,
        "hashcode": "roberta-large_L17_no-idf_version=0.3.12(hug_trans=4.39.2)"
    },
    "rouge": {
        "rouge1": 0.17289238275955546,
        "rouge2": 0.11517241379310343,
        "rougeL": 0.16751028857290717,
        "rougeLsum": 0.16751028857290717
    },
    "chrf": {
        "score": 21.561160325437754,
        "char_order": 6,
        "word_order": 0,
        "beta": 2
    },
    "meteor": {
        "meteor": 0.14682519490678758
    }
}