{
    "bertscore": {
        "precision": 0.8947713792324066,
        "recall": 0.9062932252883911,
        "f1": 0.9003653049468994,
        "hashcode": "roberta-large_L17_no-idf_version=0.3.12(hug_trans=4.39.2)"
    },
    "rouge": {
        "rouge1": 0.4079507332230444,
        "rouge2": 0.26908222623219213,
        "rougeL": 0.3915075039377099,
        "rougeLsum": 0.3851318612737378
    },
    "chrf": {
        "score": 46.43314915330052,
        "char_order": 6,
        "word_order": 0,
        "beta": 2
    },
    "meteor": {
        "meteor": 0.42827561494032623
    }
}