{
    "bertscore": {
        "precision": 0.8669376725601845,
        "recall": 0.8558995679674112,
        "f1": 0.8612569408886982,
        "hashcode": "roberta-large_L17_no-idf_version=0.3.12(hug_trans=4.39.2)"
    },
    "rouge": {
        "rouge1": 0.3333041305508959,
        "rouge2": 0.11303443073473227,
        "rougeL": 0.2149075702164236,
        "rougeLsum": 0.21508241515592752
    },
    "chrf": {
        "score": 34.871709580995166,
        "char_order": 6,
        "word_order": 0,
        "beta": 2
    },
    "meteor": {
        "meteor": 0.2713378314815137
    }
}