{
    "bertscore": {
        "precision": 0.8652163275094441,
        "recall": 0.8515616946884786,
        "f1": 0.8582273417046961,
        "hashcode": "roberta-large_L17_no-idf_version=0.3.12(hug_trans=4.39.2)"
    },
    "rouge": {
        "rouge1": 0.31968586893421636,
        "rouge2": 0.10047920067878345,
        "rougeL": 0.20372926801386287,
        "rougeLsum": 0.2037730609534697
    },
    "chrf": {
        "score": 33.17361239189542,
        "char_order": 6,
        "word_order": 0,
        "beta": 2
    },
    "meteor": {
        "meteor": 0.2556350711879244
    }
}